{
  "best_val_per_class_acc": {
    "0": 0.6272232304900182,
    "1": 0.9896103896103896,
    "2": 0.9792065009560229,
    "3": 0.9615522817103844
  }
}