{
  "best_val_per_class_acc": {
    "0": 0.9602272727272727,
    "1": 0.971342383107089,
    "2": 0.9786542923433875,
    "3": 0.9774709302325582
  }
}