{
  "best_f1_per_class": {
    "0": 0.9745314752522826,
    "1": 0.9779802581624905,
    "2": 0.9775202780996524,
    "3": 0.9620886981402003
  }
}