{
  "best_val_per_class_acc": {
    "0": 0.9791666666666666,
    "1": 0.9668174962292609,
    "2": 0.9062645011600928,
    "3": 0.9680232558139535
  }
}