{
  "best_f1_per_class": {
    "0": 0.9742090784044016,
    "1": 0.8081648081648082,
    "2": 0.8618646710321173,
    "3": 0.5784825371336813,
    "4": 0.8045132511151929,
    "5": 0.8697674418604651,
    "6": 0.9600808489135927,
    "7": 0.9654098927706676,
    "8": 0.995769165679472,
    "9": 0.6275992438563327
  }
}