{
  "best_val_per_class_acc": {
    "0": 0.96671875,
    "1": 1.0,
    "2": 0.9571428571428572,
    "3": 0.6731391585760518,
    "4": 0.7863501483679525,
    "5": 0.9282700421940928,
    "6": 1.0,
    "7": 0.968125,
    "8": 0.9285714285714286,
    "9": 0.9914285714285714
  }
}