{
  "best_f1_per_class": {
    "0": 0.992849846782431,
    "1": 0.9932432432432432,
    "2": 0.9828109201213346,
    "3": 0.9777177582714383
  }
}