{
  "best_val_per_class_acc": {
    "0": 0.986468200270636,
    "1": 0.9939148073022313,
    "2": 0.986468200270636,
    "3": 0.979702300405954
  }
}