{
  "best_f1_per_class": {
    "0": 0.512280701754386,
    "1": 0.9769452449567724,
    "2": 0.9885187810063785,
    "3": 0.9509151414309485
  }
}