{
  "best_f1_per_class": {
    "0": 0.9778049900505128,
    "1": 0.8286086673183447,
    "2": 0.8890188624067846,
    "3": 0.571483771251932,
    "4": 0.0,
    "5": 0.821502153961416,
    "6": 0.9226118500604595,
    "7": 0.9906287787182587,
    "8": 0.9972677595628415,
    "9": 0.6868711656441718
  }
}