{
  "best_val_per_class_acc": {
    "0": 0.9412878787878788,
    "1": 0.9834087481146304,
    "2": 0.980046403712297,
    "3": 0.9745639534883721
  }
}