{
  "best_f1_per_class": {
    "0": 0.9683390160740379,
    "1": 0.9734975737215379,
    "2": 0.981184668989547,
    "3": 0.9616349946217282
  }
}