{
  "best_f1_per_class": {
    "0": 0.08181818181818182,
    "1": 0.9743589743589743,
    "2": 0.9806633733239238,
    "3": 0.9095354523227384
  }
}