{
  "best_f1_per_class": {
    "0": 0.9774696707105719,
    "1": 0.8347551342812006,
    "2": 0.839741935483871,
    "3": 0.5972413793103448,
    "4": 0.0,
    "5": 0.8929583605842598,
    "6": 0.8339350180505415,
    "7": 0.9921965317919075,
    "8": 0.9972563176895307,
    "9": 0.6713178294573643
  }
}