{
  "best_val_per_class_acc": {
    "0": 0.17072189825055298,
    "1": 0.9965896172792724,
    "2": 0.9746344374813488,
    "3": 0.9735370853522176
  }
}