{
  "best_f1_per_class": {
    "0": 0.2862440997977074,
    "1": 0.8852238303601481,
    "2": 0.6963010340049035,
    "3": 0.8653304621500746
  }
}