{
  "best_val_per_class_acc": {
    "0": 0.9715909090909091,
    "1": 0.9728506787330317,
    "2": 0.9814385150812065,
    "3": 0.965843023255814,
    "4": NaN,
    "5": NaN,
    "6": NaN,
    "7": NaN,
    "8": NaN,
    "9": NaN
  }
}