{
  "best_f1_per_class": {
    "0": 0.9785407725321889,
    "1": 0.9761634506242906,
    "2": 0.9789400601712567,
    "3": 0.9613019891500905,
    "4": 0.0,
    "5": 0.0,
    "6": 0.0,
    "7": 0.0,
    "8": 0.0,
    "9": 0.0
  }
}