{
  "best_val_per_class_acc": {
    "0": 0.1652925799316308,
    "1": 0.9905267146646457,
    "2": 0.9761265293942106,
    "3": 0.9731643682445025
  }
}