{
  "best_f1_per_class": {
    "0": 0.973846885401807,
    "1": 0.973424449506454,
    "2": 0.9770461395780199,
    "3": 0.9632564841498559
  }
}