{
  "best_val_per_class_acc": {
    "0": 0.8188747731397459,
    "1": 0.9936920222634509,
    "2": 0.9039196940726577,
    "3": 0.9766439094502336
  }
}