{
  "best_val_per_class_acc": {
    "0": 0.0,
    "1": 0.9926524614254225,
    "2": 0.9797206810790128,
    "3": 0.9699059561128527
  }
}