{
  "best_f1_per_class": {
    "0": 0.0,
    "1": 0.973342939481268,
    "2": 0.9815986198964922,
    "3": 0.9511220411927451
  }
}