{
  "best_val_per_class_acc": {
    "0": 0.6431696645600389,
    "1": 0.9813333333333333,
    "2": 0.9791929382093316,
    "3": 0.984119570294255
  }
}