{
  "best_val_per_class_acc": {
    "0": 0.9717067234560389,
    "1": 0.7736537876483115,
    "2": 0.9248554913294798,
    "3": 0.44995436568299363,
    "4": 0.0,
    "5": 1.0,
    "6": 0.9170673076923077,
    "7": 0.9969577121995741,
    "8": 0.9993915424399148,
    "9": 0.8515363553392151
  }
}