{
  "best_f1_per_class": {
    "0": 0.7568988173455979,
    "1": 0.9705240174672489,
    "2": 0.8947368421052632,
    "3": 0.9533309583184895
  }
}