{
  "best_f1_per_class": {
    "0": 0.7517045454545455,
    "1": 0.9666403992645127,
    "2": 0.945294072890512,
    "3": 0.965627864344638
  }
}