{
  "best_val_per_class_acc": {
    "0": 0.9696969696969697,
    "1": 0.9864253393665159,
    "2": 0.9897911832946635,
    "3": 0.967296511627907
  }
}