{
  "fcn_val_per_class_acc": {
    "0": 1.0,
    "1": 0.9919177075679647,
    "2": 0.9980868567055673,
    "3": 0.9956112852664577
  }
}