{
  "fcn_f1_per_class": {
    "0": 1.0,
    "1": 0.994475138121547,
    "2": 0.9982778415614236,
    "3": 0.9928102532041263
  }
}