{
  "best_val_per_class_acc": {
    "0": 0.35071090047393366,
    "1": 0.9931506849315068,
    "2": 0.9942971200456231,
    "3": 0.9744245524296675
  }
}