{
  "best_f1_per_class": {
    "0": 0.5156794425087108,
    "1": 0.9778420038535646,
    "2": 0.988238628312314,
    "3": 0.9501246882793017
  }
}