{
  "best_val_per_class_acc": {
    "0": 0.9810606060606061,
    "1": 0.9675716440422323,
    "2": 0.9832946635730858,
    "3": 0.965843023255814
  }
}