{
  "best_f1_per_class": {
    "0": 0.9833887043189369,
    "1": 0.9686674216685541,
    "2": 0.9798843930635838,
    "3": 0.9683060109289617
  }
}