{
  "best_val_per_class_acc": {
    "0": 0.9776422764227642,
    "1": 0.9955516014234875,
    "2": 0.9793848167539267,
    "3": 0.9605157131345688
  }
}