{
  "best_f1_per_class": {
    "0": 0.830480397570403,
    "1": 0.9766593727206418,
    "2": 0.9096812988574865,
    "3": 0.97036772581221
  }
}