{
  "best_f1_per_class": {
    "0": 0.9693877551020408,
    "1": 0.9766416923754958,
    "2": 0.9850451930977814,
    "3": 0.956661316211878
  }
}