{
  "cnn_f1_per_class": {
    "0": 0.9993234100135318,
    "1": 0.9905628581058308,
    "2": 0.9930825037961869,
    "3": 0.9896240857288654
  }
}