{
  "cnn_val_per_class_acc": {
    "0": 0.9989854582346973,
    "1": 0.993912749408184,
    "2": 0.9956021650879567,
    "3": 0.9841001353179973
  }
}