{
  "fcn_f1_per_class": {
    "0": 0.9993234100135318,
    "1": 0.9962749746020996,
    "2": 0.9952702702702703,
    "3": 0.993912749408184
  }
}