{
  "fcn_val_per_class_acc": {
    "0": 0.9989854582346973,
    "1": 0.9949272911734867,
    "2": 0.996617050067659,
    "3": 0.9942489851150202
  }
}