{
  "best_f1_per_class": {
    "0": 0.9596907785753728,
    "1": 0.8055042103101253,
    "2": 0.9200362647325476,
    "3": 0.8965646004480956,
    "4": 0.0,
    "5": 0.9369880277252678,
    "6": 0.0,
    "7": 0.9944629014396457,
    "8": 0.9966752862947913,
    "9": 0.8909465020576132
  }
}