{
  "best_val_per_class_acc": {
    "0": 0.9655555555555555,
    "1": 0.7262962962962963,
    "2": 0.9396296296296296,
    "3": 0.8892592592592593,
    "4": 0.0,
    "5": 0.9860742705570292,
    "6": 0.0,
    "7": 0.9977777777777778,
    "8": 0.9992592592592593,
    "9": 0.9622222222222222
  }
}