{
  "cnn_f1_per_class": {
    "0": 0.9787234042553191,
    "1": 0.9811320754716981,
    "2": 0.9954058192955589,
    "3": 0.9773299748110831
  }
}