{
  "fcn_f1_per_class": {
    "0": 0.9787234042553191,
    "1": 0.9912023460410557,
    "2": 0.9965556831228473,
    "3": 0.9875
  }
}