{
  "best_val_per_class_acc": {
    "0": 0.04265402843601896,
    "1": 0.9853228962818004,
    "2": 0.9905902480752781,
    "3": 0.9514066496163683
  }
}