{
  "best_f1_per_class": {
    "0": 0.970736629667003,
    "1": 0.9837362637362638,
    "2": 0.985836627140975,
    "3": 0.9581993569131833
  }
}