{
  "best_f1_per_class": {
    "0": 0.962403243641725,
    "1": 0.8127549128661475,
    "2": 0.871217215870881,
    "3": 0.2515078407720145,
    "4": 0.03468208092485549,
    "5": 0.946047678795483,
    "6": 0.0,
    "7": 0.9957415293464174,
    "8": 0.9987044234684435,
    "9": 0.6471436814772071
  }
}