{
  "best_val_per_class_acc": {
    "0": 0.7263355201499532,
    "1": 0.9690866510538642,
    "2": 0.3467666354264292,
    "3": 0.44470477975632616,
    "4": 0.6992974238875879,
    "5": 0.21217798594847775,
    "6": 0.7536299765807962,
    "7": 0.5159325210871603
  }
}