{
  "best_f1_per_class": {
    "0": 0.6018248883711901,
    "1": 0.9576486924323073,
    "2": 0.4606286959228136,
    "3": 0.44944352356144923,
    "4": 0.6246861924686192,
    "5": 0.28789323164918973,
    "6": 0.5557858376511227,
    "7": 0.6243266231925149
  }
}