{
  "best_f1_per_class": {
    "0": 0.7465572809844712,
    "1": 0.9653916211293261,
    "2": 0.9415151515151515,
    "3": 0.9529465509365007
  }
}