{
  "best_val_per_class_acc": {
    "0": 0.9844384303112313,
    "1": 0.973630831643002,
    "2": 0.9824086603518268,
    "3": 0.9709066305818674
  }
}