{
  "best_f1_per_class": {
    "0": 0.9891230455472467,
    "1": 0.9812606473594548,
    "2": 0.9718875502008032,
    "3": 0.9692671394799054
  }
}