{
  "best_f1_per_class": {
    "0": 0.9775656324582339,
    "1": 0.9856819894498869,
    "2": 0.9856746765249538,
    "3": 0.9683521280465623
  }
}