{
  "best_val_per_class_acc": {
    "0": 0.9654471544715447,
    "1": 0.9857651245551602,
    "2": 0.9806937172774869,
    "3": 0.9605157131345688
  }
}