{
  "best_f1_per_class": {
    "0": 0.9823874755381604,
    "1": 0.9747762408462164,
    "2": 0.9842731108553894,
    "3": 0.9645173597863411
  }
}