{
  "best_val_per_class_acc": {
    "0": 0.9728682170542635,
    "1": 0.9779591836734693,
    "2": 0.9850287907869482,
    "3": 0.9656226126814362
  }
}