{
  "best_val_per_class_acc": {
    "0": 0.9517045454545454,
    "1": 0.973604826546003,
    "2": 0.9870069605568446,
    "3": 0.96875
  }
}