{
  "best_f1_per_class": {
    "0": 0.7952320136228183,
    "1": 0.9734333806530115,
    "2": 0.9201915403032721,
    "3": 0.9720131248793669
  }
}