{
  "best_val_per_class_acc": {
    "0": 0.9637704392433473,
    "1": 0.7386983007374158,
    "2": 0.903174094260981,
    "3": 0.5697338890670086,
    "4": 0.8180574555403557,
    "5": 1.0,
    "6": 0.9838945827232797,
    "7": 0.9964732285989099,
    "8": 0.9987175376723308,
    "9": 0.6256410256410256
  }
}