{
  "best_val_per_class_acc": {
    "0": 0.9851150202976996,
    "1": 0.9891818796484111,
    "2": 0.9857916102841678,
    "3": 0.9702300405953992
  }
}