{
  "best_f1_per_class": {
    "0": 0.2787385554425229,
    "1": 0.8819163292847504,
    "2": 0.6953656462585034,
    "3": 0.8620006602839221
  }
}