{
  "best_f1_per_class": {
    "0": 0.9597701149425287,
    "1": 0.7932518505766913,
    "2": 0.855191256830601,
    "3": 0.6006422173398682,
    "4": 0.898572501878287,
    "5": 0.9546753777051857,
    "6": 0.9689978370583994,
    "7": 0.9924956091330034,
    "8": 0.997278693773011,
    "9": 0.5934934630586804
  }
}