{
  "best_val_per_class_acc": {
    "0": 0.9797336421540244,
    "1": 0.7649102489866821,
    "2": 0.9418234442836468,
    "3": 0.5013024602026049,
    "4": 0.0,
    "5": 1.0,
    "6": 0.7725752508361204,
    "7": 0.9936324167872649,
    "8": 0.9994211287988423,
    "9": 0.7519536903039074
  }
}