{
  "best_val_per_class_acc": {
    "0": 0.9715447154471545,
    "1": 0.9919928825622776,
    "2": 0.981020942408377,
    "3": 0.9532634971796938
  }
}