{
  "best_val_per_class_acc": {
    "0": 0.967037037037037,
    "1": 0.8118518518518518,
    "2": 0.9596296296296296,
    "3": 0.15444444444444444,
    "4": 0.01764705882352941,
    "5": 1.0,
    "6": 0.0,
    "7": 0.9959259259259259,
    "8": 0.9992592592592593,
    "9": 0.8307407407407408
  }
}