{
  "cnn_f1_per_class": {
    "0": 0.9748743718592965,
    "1": 0.9857090509344082,
    "2": 0.9972230202049219,
    "3": 0.9877704609595485
  }
}