{
  "fcn_val_per_class_acc": {
    "0": 0.9896907216494846,
    "1": 0.9926524614254225,
    "2": 0.9982781710350105,
    "3": 0.9962382445141066
  }
}