{
  "fcn_f1_per_class": {
    "0": 0.9896907216494846,
    "1": 0.9948453608247423,
    "2": 0.9984691924990432,
    "3": 0.9937460913070669
  }
}