{
  "best_val_per_class_acc": {
    "0": 0.9666666666666667,
    "1": 0.5385185185185185,
    "2": 0.9774074074074074,
    "3": 0.7525925925925926,
    "4": 0.0,
    "5": 0.9708222811671088,
    "6": 0.0,
    "7": 0.9944444444444445,
    "8": 0.9992592592592593,
    "9": 0.10555555555555556
  }
}