{
  "best_val_per_class_acc": {
    "0": 0.9959404600811907,
    "1": 0.9858012170385395,
    "2": 0.9912043301759134,
    "3": 0.9905277401894452
  }
}