{
  "best_f1_per_class": {
    "0": 0.9976279227380549,
    "1": 0.991162474507138,
    "2": 0.9855364951227716,
    "3": 0.9891891891891892
  }
}