{
  "cnn_val_per_class_acc": {
    "0": 0.9583333333333334,
    "1": 0.9912023460410557,
    "2": 0.9923488905891354,
    "3": 0.9699248120300752
  }
}