{
  "cnn_f1_per_class": {
    "0": 0.9787234042553191,
    "1": 0.9782923299565847,
    "2": 0.9938697318007663,
    "3": 0.9748110831234257
  }
}