{
  "fcn_f1_per_class": {
    "0": 0.9787234042553191,
    "1": 0.9955947136563876,
    "2": 0.9961744452945677,
    "3": 0.9875
  }
}