{
  "best_val_per_class_acc": {
    "0": 0.3459715639810427,
    "1": 0.9951076320939335,
    "2": 0.9942971200456231,
    "3": 0.9744245524296675
  }
}