{
  "best_f1_per_class": {
    "0": 0.9668109668109668,
    "1": 0.9817490494296578,
    "2": 0.9797328420082911,
    "3": 0.9607207207207207
  }
}