{
  "cnn_val_per_class_acc": {
    "0": 0.9583333333333334,
    "1": 0.9794721407624634,
    "2": 0.9938791124713083,
    "3": 0.9699248120300752
  }
}