{
  "cnn_f1_per_class": {
    "0": 0.9019607843137255,
    "1": 0.9723435225618632,
    "2": 0.9942594718714122,
    "3": 0.9785082174462706
  }
}