{
  "fcn_f1_per_class": {
    "0": 0.9787234042553191,
    "1": 0.9912280701754386,
    "2": 0.9954022988505747,
    "3": 0.9887640449438202
  }
}