{
  "best_f1_per_class": {
    "0": 0.9857006673021925,
    "1": 0.9679124197810495,
    "2": 0.9441624365482234,
    "3": 0.9055064581917063
  }
}