{
  "best_f1_per_class": {
    "0": 0.9664885866925692,
    "1": 0.9823507322568532,
    "2": 0.9797979797979798,
    "3": 0.970160116448326
  }
}