{
  "best_val_per_class_acc": {
    "0": 0.9696969696969697,
    "1": 0.9668174962292609,
    "2": 0.9777262180974478,
    "3": 0.971656976744186
  }
}