{
  "best_val_per_class_acc": {
    "0": 0.9564393939393939,
    "1": 0.94947209653092,
    "2": 0.8046403712296983,
    "3": 0.9738372093023255
  }
}