{
  "best_f1_per_class": {
    "0": 0.9623630300142926,
    "1": 0.9684615384615385,
    "2": 0.8799797005836082,
    "3": 0.8411801632140615
  }
}