{
  "cnn_val_per_class_acc": {
    "0": 0.4546732255797611,
    "1": 0.9421410166315296,
    "2": 0.09372071227741331,
    "3": 0.311079878191614,
    "4": 0.6840009369875849,
    "5": 0.2585480093676815,
    "6": 0.6798594847775176,
    "7": 0.6815838800374883
  }
}