{
  "cnn_f1_per_class": {
    "0": 0.46895385358782316,
    "1": 0.9561393082134791,
    "2": 0.14716703458425312,
    "3": 0.37329585382993674,
    "4": 0.6307376606544983,
    "5": 0.3192135318779818,
    "6": 0.554272076372315,
    "7": 0.4687776972040931
  }
}