{
  "fcn_f1_per_class": {
    "0": 0.5087924970691676,
    "1": 0.9663651125028996,
    "2": 0.01598173515981735,
    "3": 0.40468463383660225,
    "4": 0.6532195500387897,
    "5": 0.28348327957901887,
    "6": 0.5622220025699318,
    "7": 0.5138461538461538
  }
}