{
  "fcn_val_per_class_acc": {
    "0": 0.7624736472241743,
    "1": 0.9758725696884516,
    "2": 0.008200562324273665,
    "3": 0.3359100491918482,
    "4": 0.7889435464980089,
    "5": 0.1955503512880562,
    "6": 0.6660421545667448,
    "7": 0.5477975632614808
  }
}