{
  "best_f1_per_class": {
    "0": 0.9853791227473648,
    "1": 0.981298877932676,
    "2": 0.9041487839771102,
    "3": 0.9116899618805591
  }
}