{
  "best_val_per_class_acc": {
    "0": 0.9803788903924222,
    "1": 0.9756592292089249,
    "2": 0.8552097428958051,
    "3": 0.9709066305818674
  }
}