{
  "best_val_per_class_acc": {
    "0": 0.740388426476417,
    "1": 0.9913258983890955,
    "2": 0.9404567699836868,
    "3": 0.9801479174776178
  }
}