{
  "best_f1_per_class": {
    "0": 0.9793430945785516,
    "1": 0.8795518207282913,
    "2": 0.9066305818673883,
    "3": 0.7689463955637708,
    "4": 0.7330567081604425,
    "5": 0.9341825902335457,
    "6": 0.9771986970684039,
    "7": 0.9800695982284088,
    "8": 0.8795669824086604,
    "9": 0.9665738161559888
  }
}