{
  "best_f1_per_class": {
    "0": 0.9617706237424547,
    "1": 0.9776413853572994,
    "2": 0.9860220358493669,
    "3": 0.9578947368421052
  }
}