{
  "best_f1_per_class": {
    "0": 0.9599117322545053,
    "1": 0.6530428924320683,
    "2": 0.8127502309824454,
    "3": 0.5744981622844219,
    "4": 0.0,
    "5": 0.932484076433121,
    "6": 0.0,
    "7": 0.9849596478356566,
    "8": 0.9996294924045943,
    "9": 0.16002245929253228
  }
}