{
  "cnn_val_per_class_acc": {
    "0": 0.9996618194115657,
    "1": 0.9945891105850524,
    "2": 0.9922192151556157,
    "3": 0.9888362652232747
  }
}