{
  "cnn_f1_per_class": {
    "0": 0.9998308811094199,
    "1": 0.9930778321796387,
    "2": 0.9925549915397631,
    "3": 0.9898408398239079
  }
}