{
  "fcn_val_per_class_acc": {
    "0": 0.9986472776462632,
    "1": 0.9959418329387894,
    "2": 0.9945872801082544,
    "3": 0.993234100135318
  }
}