{
  "fcn_f1_per_class": {
    "0": 0.9993231810490694,
    "1": 0.9967845659163987,
    "2": 0.99341104916371,
    "3": 0.9928982076428813
  }
}