{
  "cnn_f1_per_class": {
    "0": 0.9565217391304348,
    "1": 0.9768115942028985,
    "2": 0.9934940681209338,
    "3": 0.978562421185372
  }
}