{
  "cnn_val_per_class_acc": {
    "0": 0.9166666666666666,
    "1": 0.9882697947214076,
    "2": 0.9931140015302219,
    "3": 0.9724310776942355
  }
}