{
  "fcn_val_per_class_acc": {
    "0": 0.9583333333333334,
    "1": 0.9912023460410557,
    "2": 0.9954093343534812,
    "3": 0.9899749373433584
  }
}