{
  "cnn_val_per_class_acc": {
    "0": 0.9583333333333334,
    "1": 0.9912023460410557,
    "2": 0.9946442234123948,
    "3": 0.9724310776942355
  }
}