{
  "best_val_per_class_acc": {
    "0": 0.9422348484848485,
    "1": 0.9864253393665159,
    "2": 0.9902552204176334,
    "3": 0.96875
  }
}