{
  "best_f1_per_class": {
    "0": 0.9918256130790191,
    "1": 0.9848535846516324,
    "2": 0.9818181818181818,
    "3": 0.9732112580535774
  }
}