{
  "cnn_val_per_class_acc": {
    "0": 1.0,
    "1": 0.988243938280676,
    "2": 0.9961737134111345,
    "3": 0.987460815047022
  }
}