{
  "fcn_f1_per_class": {
    "0": 0.9948186528497409,
    "1": 0.9937384898710866,
    "2": 0.9980861244019139,
    "3": 0.9925046845721424
  }
}