{
  "fcn_val_per_class_acc": {
    "0": 0.9896907216494846,
    "1": 0.991182953710507,
    "2": 0.9977042280466807,
    "3": 0.9962382445141066
  }
}