{
  "best_val_per_class_acc": {
    "0": 0.6193485658726301,
    "1": 0.9893333333333333,
    "2": 0.9795081967213115,
    "3": 0.9743110695936479
  }
}