{
  "best_val_per_class_acc": {
    "0": 0.9600135547272111,
    "1": 0.7245001694340901,
    "2": 0.936631650288038,
    "3": 0.48814363143631434,
    "4": 0.7833418497700562,
    "5": 0.9037454691904954,
    "6": 1.0,
    "7": 0.9454607046070461,
    "8": 0.9969501863774991,
    "9": 0.731029810298103
  }
}