{
  "best_f1_per_class": {
    "0": 0.9694619486185168,
    "1": 0.9543937708565072,
    "2": 0.9717461787864752,
    "3": 0.9606986899563319
  }
}