{
  "best_val_per_class_acc": {
    "0": 0.946969696969697,
    "1": 0.9705882352941176,
    "2": 0.9735498839907193,
    "3": 0.9593023255813954
  }
}